Workbook

Sheet Accueil
A1: AUTODIAGNOSTIC ISO/IEC 27001:2022
A3: Établissement :
A4: Responsable du SMSI :
A6: Date de l'autodiagnostic :
A7: Équipe d'autodiagnostic :
A9: Instructions : renseigner la colonne « Évaluation » de l'onglet « 1. Évaluation » pour chacun des 93 contrôles, en choisissant un niveau dans la liste déroulante (Insuffisant / Informel / Convaincant / Optimisé). Les taux de conformité et les graphiques de l'onglet « 2. Tableau de bord » se calculent automatiquement.

Sheet Légende
A1: ÉCHELLE DE MATURITÉ
A3: Niveau | B3: Taux de conformité associé | C3: Définition
A4: Insuffisant | B4: 0.15 | C4: Le contrôle n'est pas mis en œuvre, ou son existence n'est pas constatée. Aucune pratique, même informelle, n'est observée.
A5: Informel | B5: 0.5 | C5: Le contrôle est appliqué de façon ponctuelle et non formalisée (pas de procédure écrite, dépendant de personnes plutôt que d'un processus).
A6: Convaincant | B6: 0.67 | C6: Le contrôle est formalisé, documenté et appliqué de façon régulière, mais sans pilotage centralisé ni amélioration continue systématique.
A7: Optimisé | B7: 1 | C7: Le contrôle est formalisé, appliqué, mesuré par des indicateurs et fait l'objet d'une amélioration continue pilotée.
A9: Structure de l'Annexe A ISO/IEC 27001:2022 (93 contrôles)
A10: Thème | B10: Nombre de contrôles | C10: Domaine
A11: A.5 Organisationnel | B11: 37 | C11: Gouvernance, politiques, gestion des risques, fournisseurs, incidents, continuité, conformité
A12: A.6 Personnes | B12: 8 | C12: Vérifications, sensibilisation, conditions d'emploi, travail à distance
A13: A.7 Physique | B13: 14 | C13: Zones sécurisées, protection des équipements, accès physique
A14: A.8 Technologique | B14: 34 | C14: Contrôle d'accès, cryptographie, opérations, développement, gestion des vulnérabilités

Sheet 1. Évaluation
A1: AUTODIAGNOSTIC — LES 93 CONTRÔLES DE L'ANNEXE A ISO/IEC 27001:2022
A2: Choisir un niveau dans la colonne « Évaluation » (liste déroulante) pour chaque contrôle. Le taux se calcule automatiquement.
A4: Thème | B4: Sous-thème | C4: Code | D4: Contrôle | E4: Évaluation | F4: Taux
A5: A.5 Organisationnel | B5: Politiques et gouvernance | C5: A.5.1 | D5: Politiques de sécurité de l'information | E5: Insuffisant | F5: =IFERROR(VLOOKUP(E5,Légende!$A$4:$B$7,2,FALSE()),"") -> 0.15
A6: A.5 Organisationnel | B6: Politiques et gouvernance | C6: A.5.2 | D6: Rôles et responsabilités en matière de sécurité de l'information | E6: Insuffisant | F6: =IFERROR(VLOOKUP(E6,Légende!$A$4:$B$7,2,FALSE()),"") -> 0.15
A7: A.5 Organisationnel | B7: Politiques et gouvernance | C7: A.5.3 | D7: Séparation des tâches | E7: Insuffisant | F7: =IFERROR(VLOOKUP(E7,Légende!$A$4:$B$7,2,FALSE()),"") -> 0.15
A8: A.5 Organisationnel | B8: Politiques et gouvernance | C8: A.5.4 | D8: Responsabilités de la direction | F8: =IFERROR(VLOOKUP(E8,Légende!$A$4:$B$7,2,FALSE()),"")
A9: A.5 Organisationnel | B9: Politiques et gouvernance | C9: A.5.5 | D9: Contact avec les autorités | F9: =IFERROR(VLOOKUP(E9,Légende!$A$4:$B$7,2,FALSE()),"")
A10: A.5 Organisationnel | B10: Politiques et gouvernance | C10: A.5.6 | D10: Contact avec des groupes d'intérêt spécial | F10: =IFERROR(VLOOKUP(E10,Légende!$A$4:$B$7,2,FALSE()),"")
A11: A.5 Organisationnel | B11: Gestion de l'information | C11: A.5.7 | D11: Renseignement sur les menaces | E11: Informel | F11: =IFERROR(VLOOKUP(E11,Légende!$A$4:$B$7,2,FALSE()),"") -> 0.5
A12: A.5 Organisationnel | B12: Gestion de l'information | C12: A.5.8 | D12: Sécurité de l'information dans la gestion de projet | F12: =IFERROR(VLOOKUP(E12,Légende!$A$4:$B$7,2,FALSE()),"")
A13: A.5 Organisationnel | B13: Gestion de l'information | C13: A.5.9 | D13: Inventaire de l'information et des autres actifs associés | F13: =IFERROR(VLOOKUP(E13,Légende!$A$4:$B$7,2,FALSE()),"")
A14: A.5 Organisationnel | B14: Gestion de l'information | C14: A.5.10 | D14: Utilisation acceptable de l'information et des autres actifs associés | E14: Insuffisant | F14: =IFERROR(VLOOKUP(E14,Légende!$A$4:$B$7,2,FALSE()),"") -> 0.15
A15: A.5 Organisationnel | B15: Gestion de l'information | C15: A.5.11 | D15: Restitution des actifs | F15: =IFERROR(VLOOKUP(E15,Légende!$A$4:$B$7,2,FALSE()),"")
A16: A.5 Organisationnel | B16: Gestion de l'information | C16: A.5.12 | D16: Classification de l'information | F16: =IFERROR(VLOOKUP(E16,Légende!$A$4:$B$7,2,FALSE()),"")
A17: A.5 Organisationnel | B17: Gestion de l'information | C17: A.5.13 | D17: Étiquetage de l'information | F17: =IFERROR(VLOOKUP(E17,Légende!$A$4:$B$7,2,FALSE()),"")
A18: A.5 Organisationnel | B18: Gestion de l'information | C18: A.5.14 | D18: Transfert de l'information | F18: =IFERROR(VLOOKUP(E18,Légende!$A$4:$B$7,2,FALSE()),"")
A19: A.5 Organisationnel | B19: Contrôle d'accès et identité | C19: A.5.15 | D19: Contrôle d'accès | E19: Convaincant | F19: =IFERROR(VLOOKUP(E19,Légende!$A$4:$B$7,2,FALSE()),"") -> 0.67
A20: A.5 Organisationnel | B20: Contrôle d'accès et identité | C20: A.5.16 | D20: Gestion des identités | F20: =IFERROR(VLOOKUP(E20,Légende!$A$4:$B$7,2,FALSE()),"")
A21: A.5 Organisationnel | B21: Contrôle d'accès et identité | C21: A.5.17 | D21: Informations d'authentification | F21: =IFERROR(VLOOKUP(E21,Légende!$A$4:$B$7,2,FALSE()),"")
A22: A.5 Organisationnel | B22: Contrôle d'accès et identité | C22: A.5.18 | D22: Droits d'accès | E22: Convaincant | F22: =IFERROR(VLOOKUP(E22,Légende!$A$4:$B$7,2,FALSE()),"") -> 0.67
A23: A.5 Organisationnel | B23: Gestion des fournisseurs | C23: A.5.19 | D23: Sécurité de l'information dans les relations fournisseurs | E23: Informel | F23: =IFERROR(VLOOKUP(E23,Légende!$A$4:$B$7,2,FALSE()),"") -> 0.5
A24: A.5 Organisationnel | B24: Gestion des fournisseurs | C24: A.5.20 | D24: Traitement de la sécurité de l'information dans les accords fournisseurs | F24: =IFERROR(VLOOKUP(E24,Légende!$A$4:$B$7,2,FALSE()),"")
A25: A.5 Organisationnel | B25: Gestion des fournisseurs | C25: A.5.21 | D25: Gestion de la sécurité de l'information dans la chaîne d'approvisionnement TIC | E25: Convaincant | F25: =IFERROR(VLOOKUP(E25,Légende!$A$4:$B$7,2,FALSE()),"") -> 0.67
A26: A.5 Organisationnel | B26: Gestion des fournisseurs | C26: A.5.22 | D26: Surveillance, revue et gestion des changements des services fournisseurs | F26: =IFERROR(VLOOKUP(E26,Légende!$A$4:$B$7,2,FALSE()),"")
A27: A.5 Organisationnel | B27: Gestion des fournisseurs | C27: A.5.23 | D27: Sécurité de l'information pour l'utilisation des services cloud | F27: =IFERROR(VLOOKUP(E27,Légende!$A$4:$B$7,2,FALSE()),"")
A28: A.5 Organisationnel | B28: Incidents et continuité | C28: A.5.24 | D28: Planification et préparation de la gestion des incidents | E28: Informel | F28: =IFERROR(VLOOKUP(E28,Légende!$A$4:$B$7,2,FALSE()),"") -> 0.5
A29: A.5 Organisationnel | B29: Incidents et continuité | C29: A.5.25 | D29: Évaluation et décision sur les événements de sécurité de l'information | F29: =IFERROR(VLOOKUP(E29,Légende!$A$4:$B$7,2,FALSE()),"")
A30: A.5 Organisationnel | B30: Incidents et continuité | C30: A.5.26 | D30: Réponse aux incidents de sécurité de l'information | F30: =IFERROR(VLOOKUP(E30,Légende!$A$4:$B$7,2,FALSE()),"")
A31: A.5 Organisationnel | B31: Incidents et continuité | C31: A.5.27 | D31: Apprentissage des incidents de sécurité de l'information | E31: Insuffisant | F31: =IFERROR(VLOOKUP(E31,Légende!$A$4:$B$7,2,FALSE()),"") -> 0.15
A32: A.5 Organisationnel | B32: Incidents et continuité | C32: A.5.28 | D32: Collecte de preuves | F32: =IFERROR(VLOOKUP(E32,Légende!$A$4:$B$7,2,FALSE()),"")
A33: A.5 Organisationnel | B33: Incidents et continuité | C33: A.5.29 | D33: Sécurité de l'information pendant une perturbation | F33: =IFERROR(VLOOKUP(E33,Légende!$A$4:$B$7,2,FALSE()),"")
A34: A.5 Organisationnel | B34: Incidents et continuité | C34: A.5.30 | D34: Préparation des TIC pour la continuité d'activité | E34: Insuffisant | F34: =IFERROR(VLOOKUP(E34,Légende!$A$4:$B$7,2,FALSE()),"") -> 0.15
A35: A.5 Organisationnel | B35: Conformité et juridique | C35: A.5.31 | D35: Exigences légales, statutaires, réglementaires et contractuelles | E35: Informel | F35: =IFERROR(VLOOKUP(E35,Légende!$A$4:$B$7,2,FALSE()),"") -> 0.5
A36: A.5 Organisationnel | B36: Conformité et juridique | C36: A.5.32 | D36: Droits de propriété intellectuelle | E36: Informel | F36: =IFERROR(VLOOKUP(E36,Légende!$A$4:$B$7,2,FALSE()),"") -> 0.5
A37: A.5 Organisationnel | B37: Conformité et juridique | C37: A.5.33 | D37: Protection des enregistrements | F37: =IFERROR(VLOOKUP(E37,Légende!$A$4:$B$7,2,FALSE()),"")
A38: A.5 Organisationnel | B38: Conformité et juridique | C38: A.5.34 | D38: Protection de la vie privée et des données personnelles | E38: Informel | F38: =IFERROR(VLOOKUP(E38,Légende!$A$4:$B$7,2,FALSE()),"") -> 0.5
A39: A.5 Organisationnel | B39: Conformité et juridique | C39: A.5.35 | D39: Revue indépendante de la sécurité de l'information | F39: =IFERROR(VLOOKUP(E39,Légende!$A$4:$B$7,2,FALSE()),"")
A40: A.5 Organisationnel | B40: Conformité et juridique | C40: A.5.36 | D40: Conformité aux politiques, règles et normes de sécurité | F40: =IFERROR(VLOOKUP(E40,Légende!$A$4:$B$7,2,FALSE()),"")
A41: A.5 Organisationnel | B41: Conformité et juridique | C41: A.5.37 | D41: Procédures opérationnelles documentées | E41: Insuffisant | F41: =IFERROR(VLOOKUP(E41,Légende!$A$4:$B$7,2,FALSE()),"") -> 0.15
A42: A.6 Personnes | B42: Personnes | C42: A.6.1 | D42: Vérification des antécédents | F42: =IFERROR(VLOOKUP(E42,Légende!$A$4:$B$7,2,FALSE()),"")
A43: A.6 Personnes | B43: Personnes | C43: A.6.2 | D43: Conditions d'emploi | F43: =IFERROR(VLOOKUP(E43,Légende!$A$4:$B$7,2,FALSE()),"")
A44: A.6 Personnes | B44: Personnes | C44: A.6.3 | D44: Sensibilisation, éducation et formation à la sécurité de l'information | F44: =IFERROR(VLOOKUP(E44,Légende!$A$4:$B$7,2,FALSE()),"")
A45: A.6 Personnes | B45: Personnes | C45: A.6.4 | D45: Processus disciplinaire | F45: =IFERROR(VLOOKUP(E45,Légende!$A$4:$B$7,2,FALSE()),"")
A46: A.6 Personnes | B46: Personnes | C46: A.6.5 | D46: Responsabilités après la fin ou le changement d'emploi | F46: =IFERROR(VLOOKUP(E46,Légende!$A$4:$B$7,2,FALSE()),"")
A47: A.6 Personnes | B47: Personnes | C47: A.6.6 | D47: Accords de confidentialité ou de non-divulgation | F47: =IFERROR(VLOOKUP(E47,Légende!$A$4:$B$7,2,FALSE()),"")
A48: A.6 Personnes | B48: Personnes | C48: A.6.7 | D48: Travail à distance | F48: =IFERROR(VLOOKUP(E48,Légende!$A$4:$B$7,2,FALSE()),"")
A49: A.6 Personnes | B49: Personnes | C49: A.6.8 | D49: Signalement des événements de sécurité de l'information | F49: =IFERROR(VLOOKUP(E49,Légende!$A$4:$B$7,2,FALSE()),"")
A50: A.7 Physique | B50: Sécurité des zones | C50: A.7.1 | D50: Périmètres de sécurité physique | F50: =IFERROR(VLOOKUP(E50,Légende!$A$4:$B$7,2,FALSE()),"")
A51: A.7 Physique | B51: Sécurité des zones | C51: A.7.2 | D51: Accès physique | E51: Informel | F51: =IFERROR(VLOOKUP(E51,Légende!$A$4:$B$7,2,FALSE()),"") -> 0.5
A52: A.7 Physique | B52: Sécurité des zones | C52: A.7.3 | D52: Sécurisation des bureaux, salles et installations | E52: Convaincant | F52: =IFERROR(VLOOKUP(E52,Légende!$A$4:$B$7,2,FALSE()),"") -> 0.67
A53: A.7 Physique | B53: Sécurité des zones | C53: A.7.4 | D53: Surveillance de la sécurité physique | E53: Informel | F53: =IFERROR(VLOOKUP(E53,Légende!$A$4:$B$7,2,FALSE()),"") -> 0.5
A54: A.7 Physique | B54: Sécurité des zones | C54: A.7.5 | D54: Protection contre les menaces physiques et environnementales | E54: Convaincant | F54: =IFERROR(VLOOKUP(E54,Légende!$A$4:$B$7,2,FALSE()),"") -> 0.67
A55: A.7 Physique | B55: Sécurité des zones | C55: A.7.6 | D55: Travail dans les zones sécurisées | F55: =IFERROR(VLOOKUP(E55,Légende!$A$4:$B$7,2,FALSE()),"")
A56: A.7 Physique | B56: Sécurité des zones | C56: A.7.7 | D56: Bureau propre et écran verrouillé | F56: =IFERROR(VLOOKUP(E56,Légende!$A$4:$B$7,2,FALSE()),"")
A57: A.7 Physique | B57: Sécurité des équipements | C57: A.7.8 | D57: Emplacement et protection des équipements | E57: Convaincant | F57: =IFERROR(VLOOKUP(E57,Légende!$A$4:$B$7,2,FALSE()),"") -> 0.67
A58: A.7 Physique | B58: Sécurité des équipements | C58: A.7.9 | D58: Sécurité des actifs hors des locaux | E58: Insuffisant | F58: =IFERROR(VLOOKUP(E58,Légende!$A$4:$B$7,2,FALSE()),"") -> 0.15
A59: A.7 Physique | B59: Sécurité des équipements | C59: A.7.10 | D59: Supports de stockage | E59: Informel | F59: =IFERROR(VLOOKUP(E59,Légende!$A$4:$B$7,2,FALSE()),"") -> 0.5
A60: A.7 Physique | B60: Sécurité des équipements | C60: A.7.11 | D60: Services généraux | E60: Informel | F60: =IFERROR(VLOOKUP(E60,Légende!$A$4:$B$7,2,FALSE()),"") -> 0.5
A61: A.7 Physique | B61: Sécurité des équipements | C61: A.7.12 | D61: Sécurité du câblage | E61: Convaincant | F61: =IFERROR(VLOOKUP(E61,Légende!$A$4:$B$7,2,FALSE()),"") -> 0.67
A62: A.7 Physique | B62: Sécurité des équipements | C62: A.7.13 | D62: Maintenance des équipements | E62: Informel | F62: =IFERROR(VLOOKUP(E62,Légende!$A$4:$B$7,2,FALSE()),"") -> 0.5
A63: A.7 Physique | B63: Sécurité des équipements | C63: A.7.14 | D63: Mise au rebut ou réutilisation sécurisée des équipements | E63: Insuffisant | F63: =IFERROR(VLOOKUP(E63,Légende!$A$4:$B$7,2,FALSE()),"") -> 0.15
A64: A.8 Technologique | B64: Terminaux et accès | C64: A.8.1 | D64: Terminaux utilisateur | E64: Insuffisant | F64: =IFERROR(VLOOKUP(E64,Légende!$A$4:$B$7,2,FALSE()),"") -> 0.15
A65: A.8 Technologique | B65: Terminaux et accès | C65: A.8.2 | D65: Droits d'accès privilégié | E65: Informel | F65: =IFERROR(VLOOKUP(E65,Légende!$A$4:$B$7,2,FALSE()),"") -> 0.5
A66: A.8 Technologique | B66: Terminaux et accès | C66: A.8.3 | D66: Restriction d'accès à l'information | F66: =IFERROR(VLOOKUP(E66,Légende!$A$4:$B$7,2,FALSE()),"")
A67: A.8 Technologique | B67: Terminaux et accès | C67: A.8.4 | D67: Accès au code source | E67: Convaincant | F67: =IFERROR(VLOOKUP(E67,Légende!$A$4:$B$7,2,FALSE()),"") -> 0.67
A68: A.8 Technologique | B68: Terminaux et accès | C68: A.8.5 | D68: Authentification sécurisée | E68: Convaincant | F68: =IFERROR(VLOOKUP(E68,Légende!$A$4:$B$7,2,FALSE()),"") -> 0.67
A69: A.8 Technologique | B69: Configuration et vulnérabilités | C69: A.8.6 | D69: Gestion de la capacité | E69: Informel | F69: =IFERROR(VLOOKUP(E69,Légende!$A$4:$B$7,2,FALSE()),"") -> 0.5
A70: A.8 Technologique | B70: Configuration et vulnérabilités | C70: A.8.7 | D70: Protection contre les logiciels malveillants | F70: =IFERROR(VLOOKUP(E70,Légende!$A$4:$B$7,2,FALSE()),"")
A71: A.8 Technologique | B71: Configuration et vulnérabilités | C71: A.8.8 | D71: Gestion des vulnérabilités techniques | E71: Insuffisant | F71: =IFERROR(VLOOKUP(E71,Légende!$A$4:$B$7,2,FALSE()),"") -> 0.15
A72: A.8 Technologique | B72: Configuration et vulnérabilités | C72: A.8.9 | D72: Gestion de la configuration | F72: =IFERROR(VLOOKUP(E72,Légende!$A$4:$B$7,2,FALSE()),"")
A73: A.8 Technologique | B73: Configuration et vulnérabilités | C73: A.8.10 | D73: Suppression de l'information | F73: =IFERROR(VLOOKUP(E73,Légende!$A$4:$B$7,2,FALSE()),"")
A74: A.8 Technologique | B74: Protection des données | C74: A.8.11 | D74: Masquage des données | F74: =IFERROR(VLOOKUP(E74,Légende!$A$4:$B$7,2,FALSE()),"")
A75: A.8 Technologique | B75: Protection des données | C75: A.8.12 | D75: Prévention des fuites de données | F75: =IFERROR(VLOOKUP(E75,Légende!$A$4:$B$7,2,FALSE()),"")
A76: A.8 Technologique | B76: Protection des données | C76: A.8.13 | D76: Sauvegarde de l'information | E76: Informel | F76: =IFERROR(VLOOKUP(E76,Légende!$A$4:$B$7,2,FALSE()),"") -> 0.5
A77: A.8 Technologique | B77: Protection des données | C77: A.8.14 | D77: Redondance des installations de traitement de l'information | E77: Insuffisant | F77: =IFERROR(VLOOKUP(E77,Légende!$A$4:$B$7,2,FALSE()),"") -> 0.15
A78: A.8 Technologique | B78: Journalisation et surveillance | C78: A.8.15 | D78: Journalisation | E78: Convaincant | F78: =IFERROR(VLOOKUP(E78,Légende!$A$4:$B$7,2,FALSE()),"") -> 0.67
A79: A.8 Technologique | B79: Journalisation et surveillance | C79: A.8.16 | D79: Activités de surveillance | E79: Convaincant | F79: =IFERROR(VLOOKUP(E79,Légende!$A$4:$B$7,2,FALSE()),"") -> 0.67
A80: A.8 Technologique | B80: Sécurité opérationnelle et réseau | C80: A.8.17 | D80: Synchronisation des horloges | F80: =IFERROR(VLOOKUP(E80,Légende!$A$4:$B$7,2,FALSE()),"")
A81: A.8 Technologique | B81: Sécurité opérationnelle et réseau | C81: A.8.18 | D81: Utilisation de programmes utilitaires privilégiés | F81: =IFERROR(VLOOKUP(E81,Légende!$A$4:$B$7,2,FALSE()),"")
A82: A.8 Technologique | B82: Sécurité opérationnelle et réseau | C82: A.8.19 | D82: Installation de logiciels sur les systèmes opérationnels | F82: =IFERROR(VLOOKUP(E82,Légende!$A$4:$B$7,2,FALSE()),"")
A83: A.8 Technologique | B83: Sécurité opérationnelle et réseau | C83: A.8.20 | D83: Sécurité des réseaux | E83: Informel | F83: =IFERROR(VLOOKUP(E83,Légende!$A$4:$B$7,2,FALSE()),"") -> 0.5
A84: A.8 Technologique | B84: Sécurité opérationnelle et réseau | C84: A.8.21 | D84: Sécurité des services réseau | E84: Convaincant | F84: =IFERROR(VLOOKUP(E84,Légende!$A$4:$B$7,2,FALSE()),"") -> 0.67
A85: A.8 Technologique | B85: Sécurité opérationnelle et réseau | C85: A.8.22 | D85: Séparation des réseaux | E85: Convaincant | F85: =IFERROR(VLOOKUP(E85,Légende!$A$4:$B$7,2,FALSE()),"") -> 0.67
A86: A.8 Technologique | B86: Sécurité web et cryptographie | C86: A.8.23 | D86: Filtrage web | F86: =IFERROR(VLOOKUP(E86,Légende!$A$4:$B$7,2,FALSE()),"")
A87: A.8 Technologique | B87: Sécurité web et cryptographie | C87: A.8.24 | D87: Utilisation de la cryptographie | E87: Informel | F87: =IFERROR(VLOOKUP(E87,Légende!$A$4:$B$7,2,FALSE()),"") -> 0.5
A88: A.8 Technologique | B88: Sécurité du développement | C88: A.8.25 | D88: Cycle de développement sécurisé | F88: =IFERROR(VLOOKUP(E88,Légende!$A$4:$B$7,2,FALSE()),"")
A89: A.8 Technologique | B89: Sécurité du développement | C89: A.8.26 | D89: Exigences de sécurité des applications | F89: =IFERROR(VLOOKUP(E89,Légende!$A$4:$B$7,2,FALSE()),"")
A90: A.8 Technologique | B90: Sécurité du développement | C90: A.8.27 | D90: Architecture système sécurisée et principes d'ingénierie | E90: Convaincant | F90: =IFERROR(VLOOKUP(E90,Légende!$A$4:$B$7,2,FALSE()),"") -> 0.67
A91: A.8 Technologique | B91: Sécurité du développement | C91: A.8.28 | D91: Codage sécurisé | F91: =IFERROR(VLOOKUP(E91,Légende!$A$4:$B$7,2,FALSE()),"")
A92: A.8 Technologique | B92: Sécurité du développement | C92: A.8.29 | D92: Tests de sécurité en développement et acceptance | F92: =IFERROR(VLOOKUP(E92,Légende!$A$4:$B$7,2,FALSE()),"")
A93: A.8 Technologique | B93: Sécurité du développement | C93: A.8.30 | D93: Développement externalisé | F93: =IFERROR(VLOOKUP(E93,Légende!$A$4:$B$7,2,FALSE()),"")
A94: A.8 Technologique | B94: Sécurité du développement | C94: A.8.31 | D94: Séparation des environnements de développement, de test et opérationnels | F94: =IFERROR(VLOOKUP(E94,Légende!$A$4:$B$7,2,FALSE()),"")
A95: A.8 Technologique | B95: Sécurité du développement | C95: A.8.32 | D95: Gestion des changements | F95: =IFERROR(VLOOKUP(E95,Légende!$A$4:$B$7,2,FALSE()),"")
A96: A.8 Technologique | B96: Sécurité du développement | C96: A.8.33 | D96: Informations de test | F96: =IFERROR(VLOOKUP(E96,Légende!$A$4:$B$7,2,FALSE()),"")
A97: A.8 Technologique | B97: Sécurité du développement | C97: A.8.34 | D97: Protection des systèmes d'information pendant les tests d'audit | F97: =IFERROR(VLOOKUP(E97,Légende!$A$4:$B$7,2,FALSE()),"")

Sheet 2. Tableau de bord
A3: 1. Synthèse par thème
A4: Thème | B4: Nombre de contrôles | C4: Nombre évalués | D4: Taux de conformité moyen
A5: A.5 Organisationnel | B5: =COUNTIF('1. Évaluation'!A5:A97,A5) -> 37 | C5: =COUNTIFS('1. Évaluation'!A5:A97,A5,'1. Évaluation'!E5:E97,"<>") -> 16 | D5: =IFERROR(AVERAGEIF('1. Évaluation'!A5:A97,A5,'1. Évaluation'!F5:F97),"") -> 0.37875
A6: A.6 Personnes | B6: =COUNTIF('1. Évaluation'!A5:A97,A6) -> 8 | C6: =COUNTIFS('1. Évaluation'!A5:A97,A6,'1. Évaluation'!E5:E97,"<>") -> 0 | D6: =IFERROR(AVERAGEIF('1. Évaluation'!A5:A97,A6,'1. Évaluation'!F5:F97),"")
A7: A.7 Physique | B7: =COUNTIF('1. Évaluation'!A5:A97,A7) -> 14 | C7: =COUNTIFS('1. Évaluation'!A5:A97,A7,'1. Évaluation'!E5:E97,"<>") -> 11 | D7: =IFERROR(AVERAGEIF('1. Évaluation'!A5:A97,A7,'1. Évaluation'!F5:F97),"") -> 0.49818182
A8: A.8 Technologique | B8: =COUNTIF('1. Évaluation'!A5:A97,A8) -> 34 | C8: =COUNTIFS('1. Évaluation'!A5:A97,A8,'1. Évaluation'!E5:E97,"<>") -> 15 | D8: =IFERROR(AVERAGEIF('1. Évaluation'!A5:A97,A8,'1. Évaluation'!F5:F97),"") -> 0.50933333
A10: Moyenne générale | D10: =IFERROR(AVERAGE('1. Évaluation'!F5:F97),"") -> 0.45666667
A12: 2. Synthèse par sous-thème
A13: Thème | B13: Sous-thème | C13: Nombre de contrôles | D13: Taux de conformité moyen
A14: A.5 Organisationnel | B14: Politiques et gouvernance | C14: 6 | D14: =IFERROR(AVERAGE('1. Évaluation'!F5:F10),"") -> 0.15
A15: A.5 Organisationnel | B15: Gestion de l'information | C15: 8 | D15: =IFERROR(AVERAGE('1. Évaluation'!F11:F18),"") -> 0.325
A16: A.5 Organisationnel | B16: Contrôle d'accès et identité | C16: 4 | D16: =IFERROR(AVERAGE('1. Évaluation'!F19:F22),"") -> 0.67
A17: A.5 Organisationnel | B17: Gestion des fournisseurs | C17: 5 | D17: =IFERROR(AVERAGE('1. Évaluation'!F23:F27),"") -> 0.585
A18: A.5 Organisationnel | B18: Incidents et continuité | C18: 7 | D18: =IFERROR(AVERAGE('1. Évaluation'!F28:F34),"") -> 0.26666667
A19: A.5 Organisationnel | B19: Conformité et juridique | C19: 7 | D19: =IFERROR(AVERAGE('1. Évaluation'!F35:F41),"") -> 0.4125
A20: A.6 Personnes | B20: Personnes | C20: 8 | D20: =IFERROR(AVERAGE('1. Évaluation'!F42:F49),"")
A21: A.7 Physique | B21: Sécurité des zones | C21: 7 | D21: =IFERROR(AVERAGE('1. Évaluation'!F50:F56),"") -> 0.585
A22: A.7 Physique | B22: Sécurité des équipements | C22: 7 | D22: =IFERROR(AVERAGE('1. Évaluation'!F57:F63),"") -> 0.44857143
A23: A.8 Technologique | B23: Terminaux et accès | C23: 5 | D23: =IFERROR(AVERAGE('1. Évaluation'!F64:F68),"") -> 0.4975
A24: A.8 Technologique | B24: Configuration et vulnérabilités | C24: 5 | D24: =IFERROR(AVERAGE('1. Évaluation'!F69:F73),"") -> 0.325
A25: A.8 Technologique | B25: Protection des données | C25: 4 | D25: =IFERROR(AVERAGE('1. Évaluation'!F74:F77),"") -> 0.325
A26: A.8 Technologique | B26: Journalisation et surveillance | C26: 2 | D26: =IFERROR(AVERAGE('1. Évaluation'!F78:F79),"") -> 0.67
A27: A.8 Technologique | B27: Sécurité opérationnelle et réseau | C27: 6 | D27: =IFERROR(AVERAGE('1. Évaluation'!F80:F85),"") -> 0.61333333
A28: A.8 Technologique | B28: Sécurité web et cryptographie | C28: 2 | D28: =IFERROR(AVERAGE('1. Évaluation'!F86:F87),"") -> 0.5
A29: A.8 Technologique | B29: Sécurité du développement | C29: 10 | D29: =IFERROR(AVERAGE('1. Évaluation'!F88:F97),"") -> 0.67
A31: 3. Distribution des niveaux de maturité
A32: Niveau | B32: Nombre de contrôles
A33: Insuffisant | B33: =COUNTIF('1. Évaluation'!E5:E97,A33) -> 12
A34: Informel | B34: =COUNTIF('1. Évaluation'!E5:E97,A34) -> 16
A35: Convaincant | B35: =COUNTIF('1. Évaluation'!E5:E97,A35) -> 14
A36: Optimisé | B36: =COUNTIF('1. Évaluation'!E5:E97,A36) -> 0
